date,symbol,rsi_period,rsi_oversold,rsi_overbought,stop_loss_pct,take_profit_pct,return_pct,num_trades
2026-09-30,AAPL,14,30,70,0.006,0.012,0.05399999999999985,15
2026-09-30,MSFT,10,30,70,0.006,0.012,0.0960000000000002,23
2026-09-30,SPY,10,35,65,0.004,0.008,0.028000000000000136,5
2026-10-01,AAPL,14,30,70,0.006,0.012,0.0659999999999999,19
2026-10-01,MSFT,10,30,70,0.006,0.012,0.09600000000000034,26
2026-10-01,SPY,10,35,65,0.003,0.006,0.036000000000000185,12
2026-10-02,AAPL,14,30,70,0.006,0.012,0.042,17
2026-10-02,MSFT,14,35,65,0.006,0.012,0.09000000000000033,27
2026-10-02,SPY,21,25,75,0.003,0.006,0.04200000000000011,13
2026-10-03,AAPL,14,30,70,0.006,0.012,0.029999999999999975,16
2026-10-03,MSFT,14,35,65,0.006,0.012,0.09000000000000016,27
2026-10-03,SPY,21,30,70,0.003,0.006,0.027000000000000482,15
2026-10-06,AAPL,14,30,70,0.003,0.006,0.006000000000000784,37
2026-10-06,MSFT,21,30,70,0.006,0.012,0.10200000000000016,16
2026-10-06,SPY,21,35,65,0.006,0.012,0.01800000000000001,3
