t,equity
2026-10-07T03:20:14+00:00,100000.00
2026-10-07T19:04:57+00:00,100000.00
2026-10-07T19:10:50+00:00,100000.00
2026-10-07T19:16:50+00:00,100000.00
2026-10-07T19:22:50+00:00,100000.00
2026-10-07T19:28:50+00:00,100000.00
2026-10-07T19:34:50+00:00,100000.00
2026-10-07T19:40:50+00:00,100000.00
2026-10-07T19:46:51+00:00,100000.00
2026-10-07T19:51:53+00:00,100000.00
2026-10-07T19:57:50+00:00,100000.00
2026-10-07T20:00:49+00:00,100000.00
2026-10-08T19:01:12+00:00,100000.00
2026-10-08T19:06:54+00:00,100000.00
2026-10-08T19:12:53+00:00,100000.00
2026-10-08T19:18:53+00:00,100000.00
2026-10-08T19:24:54+00:00,100000.00
2026-10-08T19:30:56+00:00,100000.00
2026-10-08T19:36:52+00:00,100000.00
2026-10-08T19:42:52+00:00,100000.00
2026-10-08T19:48:53+00:00,100000.00
2026-10-08T19:54:53+00:00,100000.00
2026-10-08T20:00:52+00:00,100000.00
2026-10-09T18:31:18+00:00,100000.00
2026-10-09T18:37:11+00:00,100000.00
2026-10-09T18:43:11+00:00,100000.00
2026-10-09T18:49:11+00:00,100000.00
2026-10-09T18:55:11+00:00,100000.00
2026-10-09T19:01:11+00:00,100000.00
2026-10-09T19:07:11+00:00,100000.00
2026-10-09T19:13:11+00:00,100000.00
2026-10-09T19:19:12+00:00,100000.00
2026-10-09T19:25:11+00:00,100000.00
2026-10-09T19:31:12+00:00,100000.00
2026-10-09T19:37:11+00:00,100000.00
2026-10-09T19:43:11+00:00,100000.00
2026-10-09T19:49:11+00:00,100000.00
2026-10-09T19:55:11+00:00,100000.00
2026-10-09T20:00:10+00:00,100000.00
